product_category_gen,brand,size
babydoll,Victoria's Secret,44
babydoll,Macys Wacoal,23
babydoll,Macys Hanky Panky,17
babydoll,Wacoal,17
babydoll,Hanky Panky,15
babydoll,Macys Calvin Klein,10
bodys,Victoria's Secret,60
bodys,Hanky Panky,17
bodys,Topshop,15
bodys,Macys Calvin Klein,11
bodys,Macys Hanky Panky,10
bralettes,Victoria's Secret,407
bralettes,Macys Calvin Klein,79
bralettes,Macys Hanky Panky,68
bralettes,Hanky Panky,66
bralettes,Wacoal,49
bralettes,Macys Wacoal,39
bras,Victoria's Secret,472
bras,Macys Wacoal,223
bras,Macys Calvin Klein,157
bras,Topshop,128
bras,Calvin Klein,91
bras,Wacoal,81
pack,Hanky Panky,44
pack,Amazon Calvin Klein,36
pack,Macys Calvin Klein,34
pack,Macys Wacoal,16
pack,Wacoal,9
pack,Calvin Klein,8
panties,Victoria's Secret,1636
panties,Hanky Panky,381
panties,Macys Calvin Klein,301
panties,Calvin Klein,249
panties,Macys Wacoal,224
panties,Topshop,208
sleepwear,Calvin Klein,47
sleepwear,Victoria's Secret,9
sleepwear,Hanky Panky,4
sleepwear,Macys Calvin Klein,1
swimsuits,Victoria's Secret,222
swimsuits,Hanky Panky,2
